diff_kw_join,diff_kw_exists,diff_kw_in,diff_kw_group by,diff_kw_order by,diff_kw_limit,diff_kw_where,diff_kw_select,diff_kw_count(,diff_kw_sum(,diff_kw_avg(,diff_kw_min(,diff_kw_max(,diff_kw_distinct,diff_kw_subquery,diff_num_parens,diff_num_equals,diff_num_and,diff_num_or,diff_len_chars,diff_plan_uses_index,diff_plan_temp_btree,diff_plan_scan,diff_plan_search,pair_id,label_A_is_faster
0,0,0,0,0,0,0,0,0,0,0,0,0,0,0,0,0,0,0,2,1,0,0,0,0,0
0,0,0,0,0,0,0,0,0,0,0,0,0,0,0,0,0,0,0,0,0,0,0,0,1,0
0,-1,1,0,0,0,0,0,0,0,0,0,0,0,0,0,-1,-1,0,-12,-1,0,1,-1,2,0
0,-1,1,0,0,0,0,0,0,0,0,0,0,0,0,0,-1,-1,0,-12,-1,0,1,-1,3,0
0,-1,1,0,0,0,0,0,0,0,0,0,0,0,0,0,-1,-1,0,-12,-1,0,1,-1,4,0
1,0,0,0,0,0,-2,0,0,0,0,0,0,0,0,-2,-1,0,0,-80,1,0,-1,0,5,1
0,-1,1,0,0,0,0,0,0,0,0,0,0,0,0,0,-1,-1,0,-12,-1,0,1,-1,6,0
0,0,0,0,0,0,0,0,0,0,0,0,0,0,0,0,0,0,0,0,0,0,0,0,7,1
1,0,0,0,0,0,-2,0,0,0,0,0,0,0,0,-2,-1,0,0,-80,1,0,-1,0,8,1
0,0,0,0,0,0,0,0,0,0,0,0,0,0,0,0,0,0,0,0,0,0,0,0,9,0
0,-1,1,0,0,0,0,0,0,0,0,0,0,0,0,0,-1,-1,0,-12,-1,0,1,-1,10,0
0,-1,1,0,0,0,0,0,0,0,0,0,0,0,0,0,-1,-1,0,-12,-1,0,1,-1,11,0
0,0,0,0,0,0,0,0,0,0,0,0,0,0,0,0,0,0,0,0,0,0,0,0,12,1
1,0,0,0,0,0,-2,0,0,0,0,0,0,0,0,-2,-1,0,0,-80,1,0,-1,0,13,1
1,0,0,0,0,0,-2,0,0,0,0,0,0,0,0,-2,-1,0,0,-80,1,0,-1,0,14,1
0,0,0,0,0,0,0,0,0,0,0,0,0,0,0,0,0,0,0,0,0,0,0,0,15,1
0,-1,1,0,0,0,0,0,0,0,0,0,0,0,0,0,-1,-1,0,-12,-1,0,1,-1,16,0
0,0,0,0,0,0,0,0,0,0,0,0,0,0,0,0,0,0,0,2,1,0,0,0,17,0
1,0,0,0,0,0,-2,0,0,0,0,0,0,0,0,-2,-1,0,0,-80,1,0,-1,0,18,1
1,0,0,0,0,0,-2,0,0,0,0,0,0,0,0,-2,-1,0,0,-80,1,0,-1,0,19,1
0,-1,1,0,0,0,0,0,0,0,0,0,0,0,0,0,-1,-1,0,-12,-1,0,1,-1,20,0
0,-1,1,0,0,0,0,0,0,0,0,0,0,0,0,0,-1,-1,0,-12,-1,0,1,-1,21,0
0,-1,1,0,0,0,0,0,0,0,0,0,0,0,0,0,-1,-1,0,-12,-1,0,1,-1,22,0
1,0,0,0,0,0,-2,0,0,0,0,0,0,0,0,-2,-1,0,0,-80,1,0,-1,0,23,1
0,0,0,0,0,0,0,0,0,0,0,0,0,0,0,0,0,0,0,0,0,0,0,0,24,0
0,0,0,0,0,0,0,0,0,0,0,0,0,0,0,0,0,0,0,0,0,0,0,0,25,0
0,0,0,0,0,0,0,0,0,0,0,0,0,0,0,0,0,0,0,0,0,0,0,0,26,0
0,0,0,0,0,0,0,0,0,0,0,0,0,0,0,0,0,0,0,2,1,0,0,0,27,0
1,0,0,0,0,0,-2,0,0,0,0,0,0,0,0,-2,-1,0,0,-80,1,0,-1,0,28,1
1,0,0,0,0,0,-2,0,0,0,0,0,0,0,0,-2,-1,0,0,-80,1,0,-1,0,29,1
0,0,0,0,0,0,0,0,0,0,0,0,0,0,0,0,0,0,0,2,1,0,0,0,30,0
0,0,0,0,0,0,0,0,0,0,0,0,0,0,0,0,0,0,0,0,0,0,0,0,31,0
0,0,0,0,0,0,0,0,0,0,0,0,0,0,0,0,0,0,0,0,0,0,0,0,32,1
0,-1,1,0,0,0,0,0,0,0,0,0,0,0,0,0,-1,-1,0,-12,-1,0,1,-1,33,0
0,0,0,0,0,0,0,0,0,0,0,0,0,0,0,0,0,0,0,0,0,0,0,0,34,1
0,0,0,0,0,0,0,0,0,0,0,0,0,0,0,0,0,0,0,2,1,0,0,0,35,0
0,0,0,0,0,0,0,0,0,0,0,0,0,0,0,0,0,0,0,0,0,0,0,0,36,0
0,-1,1,0,0,0,0,0,0,0,0,0,0,0,0,0,-1,-1,0,-12,-1,0,1,-1,37,0
0,0,0,0,0,0,0,0,0,0,0,0,0,0,0,0,0,0,0,2,1,0,0,0,38,0
0,0,0,0,0,0,0,0,0,0,0,0,0,0,0,0,0,0,0,2,1,0,0,0,39,0
0,0,0,0,0,0,0,0,0,0,0,0,0,0,0,0,0,0,0,0,0,0,0,0,40,1
0,0,0,0,0,0,0,0,0,0,0,0,0,0,0,0,0,0,0,0,0,0,0,0,41,1
0,-1,1,0,0,0,0,0,0,0,0,0,0,0,0,0,-1,-1,0,-12,-1,0,1,-1,42,0
0,0,0,0,0,0,0,0,0,0,0,0,0,0,0,0,0,0,0,0,0,0,0,0,43,1
0,-1,1,0,0,0,0,0,0,0,0,0,0,0,0,0,-1,-1,0,-12,-1,0,1,-1,44,0
0,0,0,0,0,0,0,0,0,0,0,0,0,0,0,0,0,0,0,0,0,0,0,0,45,0
0,0,0,0,0,0,0,0,0,0,0,0,0,0,0,0,0,0,0,0,0,0,0,0,46,0
0,-1,1,0,0,0,0,0,0,0,0,0,0,0,0,0,-1,-1,0,-12,-1,0,1,-1,47,0
0,0,0,0,0,0,0,0,0,0,0,0,0,0,0,0,0,0,0,2,1,0,0,0,48,0
0,-1,1,0,0,0,0,0,0,0,0,0,0,0,0,0,-1,-1,0,-12,-1,0,1,-1,49,0
0,-1,1,0,0,0,0,0,0,0,0,0,0,0,0,0,-1,-1,0,-12,-1,0,1,-1,50,0
0,0,0,0,0,0,0,0,0,0,0,0,0,0,0,0,0,0,0,2,1,0,0,0,51,0
1,0,0,0,0,0,-2,0,0,0,0,0,0,0,0,-2,-1,0,0,-80,1,0,-1,0,52,1
0,0,0,0,0,0,0,0,0,0,0,0,0,0,0,0,0,0,0,0,0,0,0,0,53,1
0,-1,1,0,0,0,0,0,0,0,0,0,0,0,0,0,-1,-1,0,-12,-1,0,1,-1,54,0
0,0,0,0,0,0,0,0,0,0,0,0,0,0,0,0,0,0,0,0,0,0,0,0,55,1
0,0,0,0,0,0,0,0,0,0,0,0,0,0,0,0,0,0,0,2,1,0,0,0,56,0
0,0,0,0,0,0,0,0,0,0,0,0,0,0,0,0,0,0,0,0,0,0,0,0,57,1
0,0,0,0,0,0,0,0,0,0,0,0,0,0,0,0,0,0,0,2,1,0,0,0,58,0
0,0,0,0,0,0,0,0,0,0,0,0,0,0,0,0,0,0,0,2,1,0,0,0,59,0
1,0,0,0,0,0,-2,0,0,0,0,0,0,0,0,-2,-1,0,0,-80,1,0,-1,0,60,1
0,-1,1,0,0,0,0,0,0,0,0,0,0,0,0,0,-1,-1,0,-12,-1,0,1,-1,61,0
1,0,0,0,0,0,-2,0,0,0,0,0,0,0,0,-2,-1,0,0,-80,1,0,-1,0,62,1
1,0,0,0,0,0,-2,0,0,0,0,0,0,0,0,-2,-1,0,0,-80,1,0,-1,0,63,1
0,0,0,0,0,0,0,0,0,0,0,0,0,0,0,0,0,0,0,0,0,0,0,0,64,1
1,0,0,0,0,0,-2,0,0,0,0,0,0,0,0,-2,-1,0,0,-80,1,0,-1,0,65,1
0,0,0,0,0,0,0,0,0,0,0,0,0,0,0,0,0,0,0,2,1,0,0,0,66,0
1,0,0,0,0,0,-2,0,0,0,0,0,0,0,0,-2,-1,0,0,-80,1,0,-1,0,67,1
0,0,0,0,0,0,0,0,0,0,0,0,0,0,0,0,0,0,0,2,1,0,0,0,68,0
0,0,0,0,0,0,0,0,0,0,0,0,0,0,0,0,0,0,0,2,1,0,0,0,69,0
0,-1,1,0,0,0,0,0,0,0,0,0,0,0,0,0,-1,-1,0,-12,-1,0,1,-1,70,0
0,0,0,0,0,0,0,0,0,0,0,0,0,0,0,0,0,0,0,0,0,0,0,0,71,0
0,0,0,0,0,0,0,0,0,0,0,0,0,0,0,0,0,0,0,0,0,0,0,0,72,0
0,-1,1,0,0,0,0,0,0,0,0,0,0,0,0,0,-1,-1,0,-12,-1,0,1,-1,73,0
0,0,0,0,0,0,0,0,0,0,0,0,0,0,0,0,0,0,0,0,0,0,0,0,74,0
1,0,0,0,0,0,-2,0,0,0,0,0,0,0,0,-2,-1,0,0,-80,1,0,-1,0,75,1
1,0,0,0,0,0,-2,0,0,0,0,0,0,0,0,-2,-1,0,0,-80,1,0,-1,0,76,1
1,0,0,0,0,0,-2,0,0,0,0,0,0,0,0,-2,-1,0,0,-80,1,0,-1,0,77,1
0,0,0,0,0,0,0,0,0,0,0,0,0,0,0,0,0,0,0,2,1,0,0,0,78,0
0,-1,1,0,0,0,0,0,0,0,0,0,0,0,0,0,-1,-1,0,-12,-1,0,1,-1,79,0
0,-1,1,0,0,0,0,0,0,0,0,0,0,0,0,0,-1,-1,0,-12,-1,0,1,-1,80,0
1,0,0,0,0,0,-2,0,0,0,0,0,0,0,0,-2,-1,0,0,-80,1,0,-1,0,81,1
0,-1,1,0,0,0,0,0,0,0,0,0,0,0,0,0,-1,-1,0,-12,-1,0,1,-1,82,0
0,-1,1,0,0,0,0,0,0,0,0,0,0,0,0,0,-1,-1,0,-12,-1,0,1,-1,83,0
1,0,0,0,0,0,-2,0,0,0,0,0,0,0,0,-2,-1,0,0,-80,1,0,-1,0,84,1
0,0,0,0,0,0,0,0,0,0,0,0,0,0,0,0,0,0,0,0,0,0,0,0,85,1
0,0,0,0,0,0,0,0,0,0,0,0,0,0,0,0,0,0,0,2,1,0,0,0,86,0
0,0,0,0,0,0,0,0,0,0,0,0,0,0,0,0,0,0,0,2,1,0,0,0,87,0
0,-1,1,0,0,0,0,0,0,0,0,0,0,0,0,0,-1,-1,0,-12,-1,0,1,-1,88,0
0,0,0,0,0,0,0,0,0,0,0,0,0,0,0,0,0,0,0,0,0,0,0,0,89,1
0,0,0,0,0,0,0,0,0,0,0,0,0,0,0,0,0,0,0,0,0,0,0,0,90,1
0,0,0,0,0,0,0,0,0,0,0,0,0,0,0,0,0,0,0,2,1,0,0,0,91,0
1,0,0,0,0,0,-2,0,0,0,0,0,0,0,0,-2,-1,0,0,-80,1,0,-1,0,92,1
0,0,0,0,0,0,0,0,0,0,0,0,0,0,0,0,0,0,0,2,1,0,0,0,93,0
0,0,0,0,0,0,0,0,0,0,0,0,0,0,0,0,0,0,0,0,0,0,0,0,94,1
0,-1,1,0,0,0,0,0,0,0,0,0,0,0,0,0,-1,-1,0,-12,-1,0,1,-1,95,0
0,0,0,0,0,0,0,0,0,0,0,0,0,0,0,0,0,0,0,2,1,0,0,0,96,0
0,-1,1,0,0,0,0,0,0,0,0,0,0,0,0,0,-1,-1,0,-12,-1,0,1,-1,97,0
0,0,0,0,0,0,0,0,0,0,0,0,0,0,0,0,0,0,0,2,1,0,0,0,98,0
0,0,0,0,0,0,0,0,0,0,0,0,0,0,0,0,0,0,0,2,1,0,0,0,99,0
0,0,0,0,0,0,0,0,0,0,0,0,0,0,0,0,0,0,0,2,1,0,0,0,100,0
0,0,0,0,0,0,0,0,0,0,0,0,0,0,0,0,0,0,0,2,1,0,0,0,101,0
0,0,0,0,0,0,0,0,0,0,0,0,0,0,0,0,0,0,0,2,1,0,0,0,102,0
1,0,0,0,0,0,-2,0,0,0,0,0,0,0,0,-2,-1,0,0,-80,1,0,-1,0,103,1
0,0,0,0,0,0,0,0,0,0,0,0,0,0,0,0,0,0,0,0,0,0,0,0,104,1
1,0,0,0,0,0,-2,0,0,0,0,0,0,0,0,-2,-1,0,0,-80,1,0,-1,0,105,1
0,0,0,0,0,0,0,0,0,0,0,0,0,0,0,0,0,0,0,0,0,0,0,0,106,0
0,-1,1,0,0,0,0,0,0,0,0,0,0,0,0,0,-1,-1,0,-12,-1,0,1,-1,107,0
0,0,0,0,0,0,0,0,0,0,0,0,0,0,0,0,0,0,0,2,1,0,0,0,108,0
0,0,0,0,0,0,0,0,0,0,0,0,0,0,0,0,0,0,0,2,1,0,0,0,109,0
0,0,0,0,0,0,0,0,0,0,0,0,0,0,0,0,0,0,0,2,1,0,0,0,110,0
0,0,0,0,0,0,0,0,0,0,0,0,0,0,0,0,0,0,0,2,1,0,0,0,111,0
0,-1,1,0,0,0,0,0,0,0,0,0,0,0,0,0,-1,-1,0,-12,-1,0,1,-1,112,0
0,-1,1,0,0,0,0,0,0,0,0,0,0,0,0,0,-1,-1,0,-12,-1,0,1,-1,113,0
0,0,0,0,0,0,0,0,0,0,0,0,0,0,0,0,0,0,0,0,0,0,0,0,114,0
0,0,0,0,0,0,0,0,0,0,0,0,0,0,0,0,0,0,0,2,1,0,0,0,115,0
0,0,0,0,0,0,0,0,0,0,0,0,0,0,0,0,0,0,0,0,0,0,0,0,116,1
0,-1,1,0,0,0,0,0,0,0,0,0,0,0,0,0,-1,-1,0,-12,-1,0,1,-1,117,0
0,0,0,0,0,0,0,0,0,0,0,0,0,0,0,0,0,0,0,2,1,0,0,0,118,0
0,-1,1,0,0,0,0,0,0,0,0,0,0,0,0,0,-1,-1,0,-12,-1,0,1,-1,119,0
1,0,0,0,0,0,-2,0,0,0,0,0,0,0,0,-2,-1,0,0,-80,1,0,-1,0,120,1
1,0,0,0,0,0,-2,0,0,0,0,0,0,0,0,-2,-1,0,0,-80,1,0,-1,0,121,1
0,0,0,0,0,0,0,0,0,0,0,0,0,0,0,0,0,0,0,2,1,0,0,0,122,0
0,0,0,0,0,0,0,0,0,0,0,0,0,0,0,0,0,0,0,0,0,0,0,0,123,1
0,0,0,0,0,0,0,0,0,0,0,0,0,0,0,0,0,0,0,0,0,0,0,0,124,1
1,0,0,0,0,0,-2,0,0,0,0,0,0,0,0,-2,-1,0,0,-80,1,0,-1,0,125,1
1,0,0,0,0,0,-2,0,0,0,0,0,0,0,0,-2,-1,0,0,-80,1,0,-1,0,126,1
1,0,0,0,0,0,-2,0,0,0,0,0,0,0,0,-2,-1,0,0,-80,1,0,-1,0,127,1
0,0,0,0,0,0,0,0,0,0,0,0,0,0,0,0,0,0,0,0,0,0,0,0,128,1
0,0,0,0,0,0,0,0,0,0,0,0,0,0,0,0,0,0,0,0,0,0,0,0,129,1
1,0,0,0,0,0,-2,0,0,0,0,0,0,0,0,-2,-1,0,0,-80,1,0,-1,0,130,1
1,0,0,0,0,0,-2,0,0,0,0,0,0,0,0,-2,-1,0,0,-80,1,0,-1,0,131,1
0,-1,1,0,0,0,0,0,0,0,0,0,0,0,0,0,-1,-1,0,-12,-1,0,1,-1,132,0
1,0,0,0,0,0,-2,0,0,0,0,0,0,0,0,-2,-1,0,0,-80,1,0,-1,0,133,1
1,0,0,0,0,0,-2,0,0,0,0,0,0,0,0,-2,-1,0,0,-80,1,0,-1,0,134,1
0,-1,1,0,0,0,0,0,0,0,0,0,0,0,0,0,-1,-1,0,-12,-1,0,1,-1,135,0
1,0,0,0,0,0,-2,0,0,0,0,0,0,0,0,-2,-1,0,0,-80,1,0,-1,0,136,1
1,0,0,0,0,0,-2,0,0,0,0,0,0,0,0,-2,-1,0,0,-80,1,0,-1,0,137,1
0,0,0,0,0,0,0,0,0,0,0,0,0,0,0,0,0,0,0,2,1,0,0,0,138,0
0,0,0,0,0,0,0,0,0,0,0,0,0,0,0,0,0,0,0,0,0,0,0,0,139,1
0,-1,1,0,0,0,0,0,0,0,0,0,0,0,0,0,-1,-1,0,-12,-1,0,1,-1,140,0
0,0,0,0,0,0,0,0,0,0,0,0,0,0,0,0,0,0,0,0,0,0,0,0,141,1
0,0,0,0,0,0,0,0,0,0,0,0,0,0,0,0,0,0,0,0,0,0,0,0,142,0
1,0,0,0,0,0,-2,0,0,0,0,0,0,0,0,-2,-1,0,0,-80,1,0,-1,0,143,1
1,0,0,0,0,0,-2,0,0,0,0,0,0,0,0,-2,-1,0,0,-80,1,0,-1,0,144,1
0,-1,1,0,0,0,0,0,0,0,0,0,0,0,0,0,-1,-1,0,-12,-1,0,1,-1,145,0
1,0,0,0,0,0,-2,0,0,0,0,0,0,0,0,-2,-1,0,0,-80,1,0,-1,0,146,1
0,-1,1,0,0,0,0,0,0,0,0,0,0,0,0,0,-1,-1,0,-12,-1,0,1,-1,147,0
1,0,0,0,0,0,-2,0,0,0,0,0,0,0,0,-2,-1,0,0,-80,1,0,-1,0,148,1
0,0,0,0,0,0,0,0,0,0,0,0,0,0,0,0,0,0,0,0,0,0,0,0,149,1
0,-1,1,0,0,0,0,0,0,0,0,0,0,0,0,0,-1,-1,0,-12,-1,0,1,-1,150,0
0,-1,1,0,0,0,0,0,0,0,0,0,0,0,0,0,-1,-1,0,-12,-1,0,1,-1,151,0
0,0,0,0,0,0,0,0,0,0,0,0,0,0,0,0,0,0,0,0,0,0,0,0,152,1
0,-1,1,0,0,0,0,0,0,0,0,0,0,0,0,0,-1,-1,0,-12,-1,0,1,-1,153,0
1,0,0,0,0,0,-2,0,0,0,0,0,0,0,0,-2,-1,0,0,-80,1,0,-1,0,154,1
0,-1,1,0,0,0,0,0,0,0,0,0,0,0,0,0,-1,-1,0,-12,-1,0,1,-1,155,0
0,0,0,0,0,0,0,0,0,0,0,0,0,0,0,0,0,0,0,0,0,0,0,0,156,1
0,-1,1,0,0,0,0,0,0,0,0,0,0,0,0,0,-1,-1,0,-12,-1,0,1,-1,157,0
0,0,0,0,0,0,0,0,0,0,0,0,0,0,0,0,0,0,0,0,0,0,0,0,158,1
1,0,0,0,0,0,-2,0,0,0,0,0,0,0,0,-2,-1,0,0,-80,1,0,-1,0,159,1
0,0,0,0,0,0,0,0,0,0,0,0,0,0,0,0,0,0,0,2,1,0,0,0,160,0
0,0,0,0,0,0,0,0,0,0,0,0,0,0,0,0,0,0,0,0,0,0,0,0,161,1
1,0,0,0,0,0,-2,0,0,0,0,0,0,0,0,-2,-1,0,0,-80,1,0,-1,0,162,1
0,0,0,0,0,0,0,0,0,0,0,0,0,0,0,0,0,0,0,2,1,0,0,0,163,0
1,0,0,0,0,0,-2,0,0,0,0,0,0,0,0,-2,-1,0,0,-80,1,0,-1,0,164,1
1,0,0,0,0,0,-2,0,0,0,0,0,0,0,0,-2,-1,0,0,-80,1,0,-1,0,165,1
0,-1,1,0,0,0,0,0,0,0,0,0,0,0,0,0,-1,-1,0,-12,-1,0,1,-1,166,0
0,0,0,0,0,0,0,0,0,0,0,0,0,0,0,0,0,0,0,0,0,0,0,0,167,1
0,-1,1,0,0,0,0,0,0,0,0,0,0,0,0,0,-1,-1,0,-12,-1,0,1,-1,168,0
0,0,0,0,0,0,0,0,0,0,0,0,0,0,0,0,0,0,0,0,0,0,0,0,169,0
1,0,0,0,0,0,-2,0,0,0,0,0,0,0,0,-2,-1,0,0,-80,1,0,-1,0,170,1
0,0,0,0,0,0,0,0,0,0,0,0,0,0,0,0,0,0,0,2,1,0,0,0,171,0
1,0,0,0,0,0,-2,0,0,0,0,0,0,0,0,-2,-1,0,0,-80,1,0,-1,0,172,1
0,0,0,0,0,0,0,0,0,0,0,0,0,0,0,0,0,0,0,2,1,0,0,0,173,0
0,0,0,0,0,0,0,0,0,0,0,0,0,0,0,0,0,0,0,2,1,0,0,0,174,0
0,0,0,0,0,0,0,0,0,0,0,0,0,0,0,0,0,0,0,0,0,0,0,0,175,1
0,-1,1,0,0,0,0,0,0,0,0,0,0,0,0,0,-1,-1,0,-12,-1,0,1,-1,176,0
0,0,0,0,0,0,0,0,0,0,0,0,0,0,0,0,0,0,0,0,0,0,0,0,177,0
1,0,0,0,0,0,-2,0,0,0,0,0,0,0,0,-2,-1,0,0,-80,1,0,-1,0,178,1
0,0,0,0,0,0,0,0,0,0,0,0,0,0,0,0,0,0,0,0,0,0,0,0,179,0
0,0,0,0,0,0,0,0,0,0,0,0,0,0,0,0,0,0,0,0,0,0,0,0,180,0
0,0,0,0,0,0,0,0,0,0,0,0,0,0,0,0,0,0,0,0,0,0,0,0,181,0
0,0,0,0,0,0,0,0,0,0,0,0,0,0,0,0,0,0,0,2,1,0,0,0,182,0
0,-1,1,0,0,0,0,0,0,0,0,0,0,0,0,0,-1,-1,0,-12,-1,0,1,-1,183,0
0,-1,1,0,0,0,0,0,0,0,0,0,0,0,0,0,-1,-1,0,-12,-1,0,1,-1,184,0
0,0,0,0,0,0,0,0,0,0,0,0,0,0,0,0,0,0,0,0,0,0,0,0,185,1
0,-1,1,0,0,0,0,0,0,0,0,0,0,0,0,0,-1,-1,0,-12,-1,0,1,-1,186,0
0,0,0,0,0,0,0,0,0,0,0,0,0,0,0,0,0,0,0,2,1,0,0,0,187,0
0,0,0,0,0,0,0,0,0,0,0,0,0,0,0,0,0,0,0,2,1,0,0,0,188,0
0,-1,1,0,0,0,0,0,0,0,0,0,0,0,0,0,-1,-1,0,-12,-1,0,1,-1,189,0
1,0,0,0,0,0,-2,0,0,0,0,0,0,0,0,-2,-1,0,0,-80,1,0,-1,0,190,1
0,-1,1,0,0,0,0,0,0,0,0,0,0,0,0,0,-1,-1,0,-12,-1,0,1,-1,191,0
0,0,0,0,0,0,0,0,0,0,0,0,0,0,0,0,0,0,0,2,1,0,0,0,192,0
1,0,0,0,0,0,-2,0,0,0,0,0,0,0,0,-2,-1,0,0,-80,1,0,-1,0,193,1
1,0,0,0,0,0,-2,0,0,0,0,0,0,0,0,-2,-1,0,0,-80,1,0,-1,0,194,1
0,0,0,0,0,0,0,0,0,0,0,0,0,0,0,0,0,0,0,2,1,0,0,0,195,0
1,0,0,0,0,0,-2,0,0,0,0,0,0,0,0,-2,-1,0,0,-80,1,0,-1,0,196,1
0,0,0,0,0,0,0,0,0,0,0,0,0,0,0,0,0,0,0,0,0,0,0,0,197,1
0,-1,1,0,0,0,0,0,0,0,0,0,0,0,0,0,-1,-1,0,-12,-1,0,1,-1,198,0
0,-1,1,0,0,0,0,0,0,0,0,0,0,0,0,0,-1,-1,0,-12,-1,0,1,-1,199,0
0,0,0,0,0,0,0,0,0,0,0,0,0,0,0,0,0,0,0,0,0,0,0,0,200,1
0,0,0,0,0,0,0,0,0,0,0,0,0,0,0,0,0,0,0,2,1,0,0,0,201,0
0,-1,1,0,0,0,0,0,0,0,0,0,0,0,0,0,-1,-1,0,-12,-1,0,1,-1,202,0
0,-1,1,0,0,0,0,0,0,0,0,0,0,0,0,0,-1,-1,0,-12,-1,0,1,-1,203,0
1,0,0,0,0,0,-2,0,0,0,0,0,0,0,0,-2,-1,0,0,-80,1,0,-1,0,204,1
0,0,0,0,0,0,0,0,0,0,0,0,0,0,0,0,0,0,0,2,1,0,0,0,205,0
0,0,0,0,0,0,0,0,0,0,0,0,0,0,0,0,0,0,0,0,0,0,0,0,206,1
0,0,0,0,0,0,0,0,0,0,0,0,0,0,0,0,0,0,0,2,1,0,0,0,207,0
0,0,0,0,0,0,0,0,0,0,0,0,0,0,0,0,0,0,0,0,0,0,0,0,208,1
1,0,0,0,0,0,-2,0,0,0,0,0,0,0,0,-2,-1,0,0,-80,1,0,-1,0,209,1
1,0,0,0,0,0,-2,0,0,0,0,0,0,0,0,-2,-1,0,0,-80,1,0,-1,0,210,1
1,0,0,0,0,0,-2,0,0,0,0,0,0,0,0,-2,-1,0,0,-80,1,0,-1,0,211,1
0,-1,1,0,0,0,0,0,0,0,0,0,0,0,0,0,-1,-1,0,-12,-1,0,1,-1,212,0
1,0,0,0,0,0,-2,0,0,0,0,0,0,0,0,-2,-1,0,0,-80,1,0,-1,0,213,1
0,0,0,0,0,0,0,0,0,0,0,0,0,0,0,0,0,0,0,2,1,0,0,0,214,0
1,0,0,0,0,0,-2,0,0,0,0,0,0,0,0,-2,-1,0,0,-80,1,0,-1,0,215,1
0,0,0,0,0,0,0,0,0,0,0,0,0,0,0,0,0,0,0,0,0,0,0,0,216,0
1,0,0,0,0,0,-2,0,0,0,0,0,0,0,0,-2,-1,0,0,-80,1,0,-1,0,217,1
0,0,0,0,0,0,0,0,0,0,0,0,0,0,0,0,0,0,0,2,1,0,0,0,218,0
0,0,0,0,0,0,0,0,0,0,0,0,0,0,0,0,0,0,0,2,1,0,0,0,219,0
0,-1,1,0,0,0,0,0,0,0,0,0,0,0,0,0,-1,-1,0,-12,-1,0,1,-1,220,0
1,0,0,0,0,0,-2,0,0,0,0,0,0,0,0,-2,-1,0,0,-80,1,0,-1,0,221,1
0,0,0,0,0,0,0,0,0,0,0,0,0,0,0,0,0,0,0,0,0,0,0,0,222,1
0,0,0,0,0,0,0,0,0,0,0,0,0,0,0,0,0,0,0,0,0,0,0,0,223,1
0,0,0,0,0,0,0,0,0,0,0,0,0,0,0,0,0,0,0,0,0,0,0,0,224,1
0,0,0,0,0,0,0,0,0,0,0,0,0,0,0,0,0,0,0,0,0,0,0,0,225,1
0,0,0,0,0,0,0,0,0,0,0,0,0,0,0,0,0,0,0,2,1,0,0,0,226,0
1,0,0,0,0,0,-2,0,0,0,0,0,0,0,0,-2,-1,0,0,-80,1,0,-1,0,227,1
1,0,0,0,0,0,-2,0,0,0,0,0,0,0,0,-2,-1,0,0,-80,1,0,-1,0,228,1
1,0,0,0,0,0,-2,0,0,0,0,0,0,0,0,-2,-1,0,0,-80,1,0,-1,0,229,1
0,0,0,0,0,0,0,0,0,0,0,0,0,0,0,0,0,0,0,2,1,0,0,0,230,0
1,0,0,0,0,0,-2,0,0,0,0,0,0,0,0,-2,-1,0,0,-80,1,0,-1,0,231,1
0,-1,1,0,0,0,0,0,0,0,0,0,0,0,0,0,-1,-1,0,-12,-1,0,1,-1,232,0
0,0,0,0,0,0,0,0,0,0,0,0,0,0,0,0,0,0,0,0,0,0,0,0,233,1
0,-1,1,0,0,0,0,0,0,0,0,0,0,0,0,0,-1,-1,0,-12,-1,0,1,-1,234,0
0,0,0,0,0,0,0,0,0,0,0,0,0,0,0,0,0,0,0,0,0,0,0,0,235,0
0,0,0,0,0,0,0,0,0,0,0,0,0,0,0,0,0,0,0,2,1,0,0,0,236,0
1,0,0,0,0,0,-2,0,0,0,0,0,0,0,0,-2,-1,0,0,-80,1,0,-1,0,237,1
0,0,0,0,0,0,0,0,0,0,0,0,0,0,0,0,0,0,0,2,1,0,0,0,238,0
0,0,0,0,0,0,0,0,0,0,0,0,0,0,0,0,0,0,0,0,0,0,0,0,239,1
1,0,0,0,0,0,-2,0,0,0,0,0,0,0,0,-2,-1,0,0,-80,1,0,-1,0,240,1
0,0,0,0,0,0,0,0,0,0,0,0,0,0,0,0,0,0,0,0,0,0,0,0,241,1
0,0,0,0,0,0,0,0,0,0,0,0,0,0,0,0,0,0,0,2,1,0,0,0,242,0
0,0,0,0,0,0,0,0,0,0,0,0,0,0,0,0,0,0,0,2,1,0,0,0,243,0
0,0,0,0,0,0,0,0,0,0,0,0,0,0,0,0,0,0,0,2,1,0,0,0,244,0
0,-1,1,0,0,0,0,0,0,0,0,0,0,0,0,0,-1,-1,0,-12,-1,0,1,-1,245,0
1,0,0,0,0,0,-2,0,0,0,0,0,0,0,0,-2,-1,0,0,-80,1,0,-1,0,246,1
1,0,0,0,0,0,-2,0,0,0,0,0,0,0,0,-2,-1,0,0,-80,1,0,-1,0,247,1
0,0,0,0,0,0,0,0,0,0,0,0,0,0,0,0,0,0,0,2,1,0,0,0,248,0
0,-1,1,0,0,0,0,0,0,0,0,0,0,0,0,0,-1,-1,0,-12,-1,0,1,-1,249,0
0,0,0,0,0,0,0,0,0,0,0,0,0,0,0,0,0,0,0,2,1,0,0,0,250,0
1,0,0,0,0,0,-2,0,0,0,0,0,0,0,0,-2,-1,0,0,-80,1,0,-1,0,251,1
0,-1,1,0,0,0,0,0,0,0,0,0,0,0,0,0,-1,-1,0,-12,-1,0,1,-1,252,0
0,0,0,0,0,0,0,0,0,0,0,0,0,0,0,0,0,0,0,2,1,0,0,0,253,0
1,0,0,0,0,0,-2,0,0,0,0,0,0,0,0,-2,-1,0,0,-80,1,0,-1,0,254,1
0,-1,1,0,0,0,0,0,0,0,0,0,0,0,0,0,-1,-1,0,-12,-1,0,1,-1,255,0
0,-1,1,0,0,0,0,0,0,0,0,0,0,0,0,0,-1,-1,0,-12,-1,0,1,-1,256,0
0,0,0,0,0,0,0,0,0,0,0,0,0,0,0,0,0,0,0,2,1,0,0,0,257,0
0,-1,1,0,0,0,0,0,0,0,0,0,0,0,0,0,-1,-1,0,-12,-1,0,1,-1,258,0
1,0,0,0,0,0,-2,0,0,0,0,0,0,0,0,-2,-1,0,0,-80,1,0,-1,0,259,1
0,0,0,0,0,0,0,0,0,0,0,0,0,0,0,0,0,0,0,0,0,0,0,0,260,1
0,0,0,0,0,0,0,0,0,0,0,0,0,0,0,0,0,0,0,0,0,0,0,0,261,1
0,0,0,0,0,0,0,0,0,0,0,0,0,0,0,0,0,0,0,2,1,0,0,0,262,0
1,0,0,0,0,0,-2,0,0,0,0,0,0,0,0,-2,-1,0,0,-80,1,0,-1,0,263,1
0,0,0,0,0,0,0,0,0,0,0,0,0,0,0,0,0,0,0,0,0,0,0,0,264,1
1,0,0,0,0,0,-2,0,0,0,0,0,0,0,0,-2,-1,0,0,-80,1,0,-1,0,265,1
0,-1,1,0,0,0,0,0,0,0,0,0,0,0,0,0,-1,-1,0,-12,-1,0,1,-1,266,0
1,0,0,0,0,0,-2,0,0,0,0,0,0,0,0,-2,-1,0,0,-80,1,0,-1,0,267,1
0,-1,1,0,0,0,0,0,0,0,0,0,0,0,0,0,-1,-1,0,-12,-1,0,1,-1,268,0
1,0,0,0,0,0,-2,0,0,0,0,0,0,0,0,-2,-1,0,0,-80,1,0,-1,0,269,1
0,0,0,0,0,0,0,0,0,0,0,0,0,0,0,0,0,0,0,2,1,0,0,0,270,0
0,0,0,0,0,0,0,0,0,0,0,0,0,0,0,0,0,0,0,0,0,0,0,0,271,1
0,-1,1,0,0,0,0,0,0,0,0,0,0,0,0,0,-1,-1,0,-12,-1,0,1,-1,272,0
1,0,0,0,0,0,-2,0,0,0,0,0,0,0,0,-2,-1,0,0,-80,1,0,-1,0,273,1
0,0,0,0,0,0,0,0,0,0,0,0,0,0,0,0,0,0,0,2,1,0,0,0,274,0
0,0,0,0,0,0,0,0,0,0,0,0,0,0,0,0,0,0,0,0,0,0,0,0,275,1
0,-1,1,0,0,0,0,0,0,0,0,0,0,0,0,0,-1,-1,0,-12,-1,0,1,-1,276,0
0,-1,1,0,0,0,0,0,0,0,0,0,0,0,0,0,-1,-1,0,-12,-1,0,1,-1,277,0
0,0,0,0,0,0,0,0,0,0,0,0,0,0,0,0,0,0,0,2,1,0,0,0,278,0
0,0,0,0,0,0,0,0,0,0,0,0,0,0,0,0,0,0,0,2,1,0,0,0,279,0
1,0,0,0,0,0,-2,0,0,0,0,0,0,0,0,-2,-1,0,0,-80,1,0,-1,0,280,1
0,0,0,0,0,0,0,0,0,0,0,0,0,0,0,0,0,0,0,0,0,0,0,0,281,1
0,0,0,0,0,0,0,0,0,0,0,0,0,0,0,0,0,0,0,0,0,0,0,0,282,0
0,0,0,0,0,0,0,0,0,0,0,0,0,0,0,0,0,0,0,0,0,0,0,0,283,1
0,-1,1,0,0,0,0,0,0,0,0,0,0,0,0,0,-1,-1,0,-12,-1,0,1,-1,284,0
1,0,0,0,0,0,-2,0,0,0,0,0,0,0,0,-2,-1,0,0,-80,1,0,-1,0,285,1
1,0,0,0,0,0,-2,0,0,0,0,0,0,0,0,-2,-1,0,0,-80,1,0,-1,0,286,1
0,0,0,0,0,0,0,0,0,0,0,0,0,0,0,0,0,0,0,2,1,0,0,0,287,0
1,0,0,0,0,0,-2,0,0,0,0,0,0,0,0,-2,-1,0,0,-80,1,0,-1,0,288,1
0,0,0,0,0,0,0,0,0,0,0,0,0,0,0,0,0,0,0,0,0,0,0,0,289,1
0,0,0,0,0,0,0,0,0,0,0,0,0,0,0,0,0,0,0,0,0,0,0,0,290,1
0,-1,1,0,0,0,0,0,0,0,0,0,0,0,0,0,-1,-1,0,-12,-1,0,1,-1,291,0
0,0,0,0,0,0,0,0,0,0,0,0,0,0,0,0,0,0,0,0,0,0,0,0,292,0
0,0,0,0,0,0,0,0,0,0,0,0,0,0,0,0,0,0,0,2,1,0,0,0,293,0
0,0,0,0,0,0,0,0,0,0,0,0,0,0,0,0,0,0,0,0,0,0,0,0,294,1
0,-1,1,0,0,0,0,0,0,0,0,0,0,0,0,0,-1,-1,0,-12,-1,0,1,-1,295,0
1,0,0,0,0,0,-2,0,0,0,0,0,0,0,0,-2,-1,0,0,-80,1,0,-1,0,296,1
0,-1,1,0,0,0,0,0,0,0,0,0,0,0,0,0,-1,-1,0,-12,-1,0,1,-1,297,0
0,-1,1,0,0,0,0,0,0,0,0,0,0,0,0,0,-1,-1,0,-12,-1,0,1,-1,298,0
0,0,0,0,0,0,0,0,0,0,0,0,0,0,0,0,0,0,0,0,0,0,0,0,299,1
0,0,0,0,0,0,0,0,0,0,0,0,0,0,0,0,0,0,0,0,0,0,0,0,300,1
0,0,0,0,0,0,0,0,0,0,0,0,0,0,0,0,0,0,0,0,0,0,0,0,301,1
1,0,0,0,0,0,-2,0,0,0,0,0,0,0,0,-2,-1,0,0,-80,1,0,-1,0,302,1
0,-1,1,0,0,0,0,0,0,0,0,0,0,0,0,0,-1,-1,0,-12,-1,0,1,-1,303,0
0,0,0,0,0,0,0,0,0,0,0,0,0,0,0,0,0,0,0,2,1,0,0,0,304,0
1,0,0,0,0,0,-2,0,0,0,0,0,0,0,0,-2,-1,0,0,-80,1,0,-1,0,305,1
0,0,0,0,0,0,0,0,0,0,0,0,0,0,0,0,0,0,0,2,1,0,0,0,306,0
0,0,0,0,0,0,0,0,0,0,0,0,0,0,0,0,0,0,0,2,1,0,0,0,307,0
0,0,0,0,0,0,0,0,0,0,0,0,0,0,0,0,0,0,0,0,0,0,0,0,308,1
0,0,0,0,0,0,0,0,0,0,0,0,0,0,0,0,0,0,0,0,0,0,0,0,309,0
1,0,0,0,0,0,-2,0,0,0,0,0,0,0,0,-2,-1,0,0,-80,1,0,-1,0,310,1
0,0,0,0,0,0,0,0,0,0,0,0,0,0,0,0,0,0,0,0,0,0,0,0,311,1
0,0,0,0,0,0,0,0,0,0,0,0,0,0,0,0,0,0,0,0,0,0,0,0,312,1
1,0,0,0,0,0,-2,0,0,0,0,0,0,0,0,-2,-1,0,0,-80,1,0,-1,0,313,1
0,0,0,0,0,0,0,0,0,0,0,0,0,0,0,0,0,0,0,2,1,0,0,0,314,0
0,0,0,0,0,0,0,0,0,0,0,0,0,0,0,0,0,0,0,2,1,0,0,0,315,0
0,0,0,0,0,0,0,0,0,0,0,0,0,0,0,0,0,0,0,2,1,0,0,0,316,0
0,0,0,0,0,0,0,0,0,0,0,0,0,0,0,0,0,0,0,2,1,0,0,0,317,0
0,0,0,0,0,0,0,0,0,0,0,0,0,0,0,0,0,0,0,0,0,0,0,0,318,1
1,0,0,0,0,0,-2,0,0,0,0,0,0,0,0,-2,-1,0,0,-80,1,0,-1,0,319,1
0,-1,1,0,0,0,0,0,0,0,0,0,0,0,0,0,-1,-1,0,-12,-1,0,1,-1,320,0
0,0,0,0,0,0,0,0,0,0,0,0,0,0,0,0,0,0,0,2,1,0,0,0,321,0
0,-1,1,0,0,0,0,0,0,0,0,0,0,0,0,0,-1,-1,0,-12,-1,0,1,-1,322,0
0,0,0,0,0,0,0,0,0,0,0,0,0,0,0,0,0,0,0,0,0,0,0,0,323,1
0,-1,1,0,0,0,0,0,0,0,0,0,0,0,0,0,-1,-1,0,-12,-1,0,1,-1,324,0
0,0,0,0,0,0,0,0,0,0,0,0,0,0,0,0,0,0,0,0,0,0,0,0,325,1
0,-1,1,0,0,0,0,0,0,0,0,0,0,0,0,0,-1,-1,0,-12,-1,0,1,-1,326,0
0,-1,1,0,0,0,0,0,0,0,0,0,0,0,0,0,-1,-1,0,-12,-1,0,1,-1,327,0
0,0,0,0,0,0,0,0,0,0,0,0,0,0,0,0,0,0,0,2,1,0,0,0,328,0
1,0,0,0,0,0,-2,0,0,0,0,0,0,0,0,-2,-1,0,0,-80,1,0,-1,0,329,1
0,0,0,0,0,0,0,0,0,0,0,0,0,0,0,0,0,0,0,0,0,0,0,0,330,0
0,0,0,0,0,0,0,0,0,0,0,0,0,0,0,0,0,0,0,2,1,0,0,0,331,0
0,0,0,0,0,0,0,0,0,0,0,0,0,0,0,0,0,0,0,2,1,0,0,0,332,0
0,-1,1,0,0,0,0,0,0,0,0,0,0,0,0,0,-1,-1,0,-12,-1,0,1,-1,333,0
1,0,0,0,0,0,-2,0,0,0,0,0,0,0,0,-2,-1,0,0,-80,1,0,-1,0,334,1
0,-1,1,0,0,0,0,0,0,0,0,0,0,0,0,0,-1,-1,0,-12,-1,0,1,-1,335,0
0,0,0,0,0,0,0,0,0,0,0,0,0,0,0,0,0,0,0,0,0,0,0,0,336,1
1,0,0,0,0,0,-2,0,0,0,0,0,0,0,0,-2,-1,0,0,-80,1,0,-1,0,337,1
0,0,0,0,0,0,0,0,0,0,0,0,0,0,0,0,0,0,0,2,1,0,0,0,338,0
0,-1,1,0,0,0,0,0,0,0,0,0,0,0,0,0,-1,-1,0,-12,-1,0,1,-1,339,0
1,0,0,0,0,0,-2,0,0,0,0,0,0,0,0,-2,-1,0,0,-80,1,0,-1,0,340,1
0,0,0,0,0,0,0,0,0,0,0,0,0,0,0,0,0,0,0,0,0,0,0,0,341,1
0,0,0,0,0,0,0,0,0,0,0,0,0,0,0,0,0,0,0,2,1,0,0,0,342,0
0,0,0,0,0,0,0,0,0,0,0,0,0,0,0,0,0,0,0,2,1,0,0,0,343,0
0,0,0,0,0,0,0,0,0,0,0,0,0,0,0,0,0,0,0,2,1,0,0,0,344,0
1,0,0,0,0,0,-2,0,0,0,0,0,0,0,0,-2,-1,0,0,-80,1,0,-1,0,345,1
0,0,0,0,0,0,0,0,0,0,0,0,0,0,0,0,0,0,0,0,0,0,0,0,346,1
0,0,0,0,0,0,0,0,0,0,0,0,0,0,0,0,0,0,0,0,0,0,0,0,347,1
1,0,0,0,0,0,-2,0,0,0,0,0,0,0,0,-2,-1,0,0,-80,1,0,-1,0,348,1
1,0,0,0,0,0,-2,0,0,0,0,0,0,0,0,-2,-1,0,0,-80,1,0,-1,0,349,1
1,0,0,0,0,0,-2,0,0,0,0,0,0,0,0,-2,-1,0,0,-80,1,0,-1,0,350,1
0,0,0,0,0,0,0,0,0,0,0,0,0,0,0,0,0,0,0,0,0,0,0,0,351,1
1,0,0,0,0,0,-2,0,0,0,0,0,0,0,0,-2,-1,0,0,-80,1,0,-1,0,352,1
0,0,0,0,0,0,0,0,0,0,0,0,0,0,0,0,0,0,0,2,1,0,0,0,353,0
0,0,0,0,0,0,0,0,0,0,0,0,0,0,0,0,0,0,0,0,0,0,0,0,354,1
1,0,0,0,0,0,-2,0,0,0,0,0,0,0,0,-2,-1,0,0,-80,1,0,-1,0,355,1
0,-1,1,0,0,0,0,0,0,0,0,0,0,0,0,0,-1,-1,0,-12,-1,0,1,-1,356,0
0,0,0,0,0,0,0,0,0,0,0,0,0,0,0,0,0,0,0,2,1,0,0,0,357,0
0,-1,1,0,0,0,0,0,0,0,0,0,0,0,0,0,-1,-1,0,-12,-1,0,1,-1,358,0
1,0,0,0,0,0,-2,0,0,0,0,0,0,0,0,-2,-1,0,0,-80,1,0,-1,0,359,1
0,0,0,0,0,0,0,0,0,0,0,0,0,0,0,0,0,0,0,2,1,0,0,0,360,0
1,0,0,0,0,0,-2,0,0,0,0,0,0,0,0,-2,-1,0,0,-80,1,0,-1,0,361,1
0,0,0,0,0,0,0,0,0,0,0,0,0,0,0,0,0,0,0,0,0,0,0,0,362,1
0,0,0,0,0,0,0,0,0,0,0,0,0,0,0,0,0,0,0,0,0,0,0,0,363,1
1,0,0,0,0,0,-2,0,0,0,0,0,0,0,0,-2,-1,0,0,-80,1,0,-1,0,364,1
0,0,0,0,0,0,0,0,0,0,0,0,0,0,0,0,0,0,0,2,1,0,0,0,365,0
0,-1,1,0,0,0,0,0,0,0,0,0,0,0,0,0,-1,-1,0,-12,-1,0,1,-1,366,0
0,0,0,0,0,0,0,0,0,0,0,0,0,0,0,0,0,0,0,2,1,0,0,0,367,0
0,0,0,0,0,0,0,0,0,0,0,0,0,0,0,0,0,0,0,2,1,0,0,0,368,0
1,0,0,0,0,0,-2,0,0,0,0,0,0,0,0,-2,-1,0,0,-80,1,0,-1,0,369,1
0,0,0,0,0,0,0,0,0,0,0,0,0,0,0,0,0,0,0,2,1,0,0,0,370,0
0,0,0,0,0,0,0,0,0,0,0,0,0,0,0,0,0,0,0,0,0,0,0,0,371,1
0,0,0,0,0,0,0,0,0,0,0,0,0,0,0,0,0,0,0,0,0,0,0,0,372,1
0,0,0,0,0,0,0,0,0,0,0,0,0,0,0,0,0,0,0,2,1,0,0,0,373,0
1,0,0,0,0,0,-2,0,0,0,0,0,0,0,0,-2,-1,0,0,-80,1,0,-1,0,374,1
0,0,0,0,0,0,0,0,0,0,0,0,0,0,0,0,0,0,0,0,0,0,0,0,375,0
0,0,0,0,0,0,0,0,0,0,0,0,0,0,0,0,0,0,0,0,0,0,0,0,376,1
0,-1,1,0,0,0,0,0,0,0,0,0,0,0,0,0,-1,-1,0,-12,-1,0,1,-1,377,0
0,0,0,0,0,0,0,0,0,0,0,0,0,0,0,0,0,0,0,0,0,0,0,0,378,1
1,0,0,0,0,0,-2,0,0,0,0,0,0,0,0,-2,-1,0,0,-80,1,0,-1,0,379,1
1,0,0,0,0,0,-2,0,0,0,0,0,0,0,0,-2,-1,0,0,-80,1,0,-1,0,380,1
1,0,0,0,0,0,-2,0,0,0,0,0,0,0,0,-2,-1,0,0,-80,1,0,-1,0,381,1
0,-1,1,0,0,0,0,0,0,0,0,0,0,0,0,0,-1,-1,0,-12,-1,0,1,-1,382,0
0,-1,1,0,0,0,0,0,0,0,0,0,0,0,0,0,-1,-1,0,-12,-1,0,1,-1,383,0
0,-1,1,0,0,0,0,0,0,0,0,0,0,0,0,0,-1,-1,0,-12,-1,0,1,-1,384,0
1,0,0,0,0,0,-2,0,0,0,0,0,0,0,0,-2,-1,0,0,-80,1,0,-1,0,385,1
0,-1,1,0,0,0,0,0,0,0,0,0,0,0,0,0,-1,-1,0,-12,-1,0,1,-1,386,0
1,0,0,0,0,0,-2,0,0,0,0,0,0,0,0,-2,-1,0,0,-80,1,0,-1,0,387,1
0,0,0,0,0,0,0,0,0,0,0,0,0,0,0,0,0,0,0,2,1,0,0,0,388,0
0,0,0,0,0,0,0,0,0,0,0,0,0,0,0,0,0,0,0,0,0,0,0,0,389,1
0,-1,1,0,0,0,0,0,0,0,0,0,0,0,0,0,-1,-1,0,-12,-1,0,1,-1,390,0
0,0,0,0,0,0,0,0,0,0,0,0,0,0,0,0,0,0,0,2,1,0,0,0,391,0
1,0,0,0,0,0,-2,0,0,0,0,0,0,0,0,-2,-1,0,0,-80,1,0,-1,0,392,1
0,0,0,0,0,0,0,0,0,0,0,0,0,0,0,0,0,0,0,2,1,0,0,0,393,0
0,-1,1,0,0,0,0,0,0,0,0,0,0,0,0,0,-1,-1,0,-12,-1,0,1,-1,394,0
0,0,0,0,0,0,0,0,0,0,0,0,0,0,0,0,0,0,0,2,1,0,0,0,395,0
0,0,0,0,0,0,0,0,0,0,0,0,0,0,0,0,0,0,0,2,1,0,0,0,396,0
1,0,0,0,0,0,-2,0,0,0,0,0,0,0,0,-2,-1,0,0,-80,1,0,-1,0,397,1
1,0,0,0,0,0,-2,0,0,0,0,0,0,0,0,-2,-1,0,0,-80,1,0,-1,0,398,1
1,0,0,0,0,0,-2,0,0,0,0,0,0,0,0,-2,-1,0,0,-80,1,0,-1,0,399,1
